{"name":"1ae82c99-3cca-4ecf-98f7-3b607358f46d","id":"/providers/Microsoft.Flow/flows/1ae82c99-3cca-4ecf-98f7-3b607358f46d","type":"Microsoft.Flow/flows","properties":{"apiId":"/providers/Microsoft.PowerApps/apis/shared_logicflows","displayName":"pengajuan virtual card - draft2","definition":{"metadata":{"workflowEntityId":null,"processAdvisorMetadata":null,"flowChargedByPaygo":null,"flowclientsuspensionreason":"None","flowclientsuspensiontime":null,"flowclientsuspensionreasondetails":null,"creator":{"id":"c133db5e-9139-4bd8-b08c-fa57d4381be8","type":"User","tenantId":"03d74d44-d91d-48c2-95d6-e16bb9e2d056"},"provisioningMethod":"FromDefinition","failureAlertSubscription":true,"clientLastModifiedTime":"2025-03-24T03:26:11.4766677Z","connectionKeySavedTimeKey":"2025-03-24T03:26:11.4766677Z","creationSource":null,"modifiedSources":"Portal"},"$schema":"https://schema.management.azure.com/providers/Microsoft.Logic/schemas/2016-06-01/workflowdefinition.json#","contentVersion":"1.0.0.0","parameters":{"$authentication":{"defaultValue":{},"type":"SecureObject"},"$connections":{"defaultValue":{},"type":"Object"}},"triggers":{"When_an_item_is_created":{"recurrence":{"interval":5,"frequency":"Minute"},"splitOn":"@triggerOutputs()?['body/value']","metadata":{"operationMetadataId":"d788b622-3a78-4cbf-8836-36d2333072c4"},"type":"OpenApiConnection","inputs":{"parameters":{"dataset":"https://untr.sharepoint.com/sites/PIN","table":"d2be3a69-12d0-47e5-bd45-716e885256ef"},"host":{"apiId":"/providers/Microsoft.PowerApps/apis/shared_sharepointonline","connectionName":"shared_sharepointonline_1","operationId":"GetOnNewItems"},"authentication":"@parameters('$authentication')"},"conditions":[]}},"actions":{"Status":{"runAfter":{"For_each_get_attachment":["Succeeded"]},"metadata":{"operationMetadataId":"64ee986b-1e3e-4085-93de-010a842e967a"},"type":"InitializeVariable","inputs":{"variables":[{"name":"varStatus","type":"string","value":"Pending"}]}},"Approval_History":{"runAfter":{"Status":["Succeeded"]},"metadata":{"operationMetadataId":"63fe4bf8-5722-40a8-9036-1699729b2f25"},"type":"InitializeVariable","inputs":{"variables":[{"name":"varApprovalHistory","type":"array"}]}},"Update_Status":{"runAfter":{"Select_claims_approvers_check":["Succeeded"]},"metadata":{"operationMetadataId":"75d59c39-e974-4043-b38a-e6f971017606"},"type":"OpenApiConnection","inputs":{"parameters":{"dataset":"https://untr.sharepoint.com/sites/PIN","table":"d2be3a69-12d0-47e5-bd45-716e885256ef","id":"@triggerOutputs()?['body/ID']","item/Title":"@triggerOutputs()?['body/Title']","item/ApprovalStatus/Value":"Pending","item/ApproverIndex":1,"item/Approvers":"@body('Select_claims_approvers_check')","item/No_x002e_Ticket":"@outputs('generate_ticket_VA')","item/CreatedDate":"@outputs('compose_Date')"},"host":{"apiId":"/providers/Microsoft.PowerApps/apis/shared_sharepointonline","connectionName":"shared_sharepointonline_1","operationId":"PatchItem"},"retryPolicy":{"type":"none"},"authentication":"@parameters('$authentication')"}},"flow_approval_all_approverrs":{"foreach":"@variables('varArrApprovers')","actions":{"Increment_variable":{"metadata":{"operationMetadataId":"d6d6b05c-ae75-4fde-9965-4f901e1cbfbc"},"type":"IncrementVariable","inputs":{"name":"varCounter","value":1}},"Check_if_previous_approver_did_not_Reject":{"actions":{"Condition":{"actions":{"Approved_Update_Item":{"metadata":{"operationMetadataId":"d4808839-2ac1-4767-b8fe-18595b40ca15"},"type":"OpenApiConnection","inputs":{"parameters":{"dataset":"https://untr.sharepoint.com/sites/PIN","table":"d2be3a69-12d0-47e5-bd45-716e885256ef","id":"@triggerOutputs()?['body/ID']","item/Title":"@triggerOutputs()?['body/Title']","item/ApprovalHistory":"@body('Join_approval_history')","item/ApprovalStatus/Value":"@if(equals(length(variables('varArrApprovers')),variables('varCounter')),'Approved','Pending')","item/ApproverIndex":"@if(equals(length(variables('varArrApprovers')),variables('varCounter')),variables('varCounter'),add(variables('varCounter'),1))","item/EndDate":"@formatDateTime(utcNow(), 'yyyy-MM-dd HH:mm:ss')"},"host":{"apiId":"/providers/Microsoft.PowerApps/apis/shared_sharepointonline","connectionName":"shared_sharepointonline_1","operationId":"PatchItem"},"retryPolicy":{"type":"none"},"authentication":"@parameters('$authentication')"}},"Set_status_as_Approved":{"runAfter":{"Approved_Update_Item":["Succeeded"]},"metadata":{"operationMetadataId":"8837f305-2008-43ec-8117-2bb83b6b223e"},"type":"SetVariable","inputs":{"name":"varStatus","value":"Approved"}},"Compose_1":{"runAfter":{"Set_status_as_Approved":["Succeeded"]},"metadata":{"operationMetadataId":"8f1e05b3-7629-460f-953e-c9079e2e2cdf"},"type":"Compose","inputs":"@{variables('varCounter')}\n-------------------------\n@{outputs('Approved_Update_Item')?['body/ApproverIndex']}\n--------------------------\n@{length(variables('varArrApprovers'))}\n--------------------------\n@{variables('VarrAttachment')}"},"Condition_1":{"actions":{"Send_an_email_(V2)-copy-copy":{"metadata":{"operationMetadataId":"02f0b464-e97f-49e2-b3a6-7197bcbd7213"},"type":"OpenApiConnection","inputs":{"parameters":{"emailMessage/To":"@outputs('Approved_Update_Item')?['body/field_4']","emailMessage/Subject":"Perihal: Purchase Order dan SPK - ","emailMessage/Body":"<p class=\"editor-paragraph\"><span style=\"font-family: Arial; font-size: 14px;\">Kepada Yth,</span></p><p class=\"editor-paragraph\"><span style=\"font-family: Arial; font-size: 14px;\">Bapak/Ibu Nama Vendor.</span><br><br><span style=\"font-family: Arial; font-size: 14px;\">Berikut kami sampaikan PO dan SPK yang sudah dilakukan approval sebagai berikut :</span></p><br><p class=\"editor-paragraph\">No PO : @{outputs('Approved_Update_Item')?['body/Title']}</p><p class=\"editor-paragraph\"><span style=\"font-family: Arial; font-size: 14px;\">Nama Vendor</span> : @{outputs('Approved_Update_Item')?['body/NamaVendor']}</p><p class=\"editor-paragraph\"><span style=\"font-family: Arial; font-size: 14px;\">Deskripsi</span> : @{triggerBody()?['Remarks']}</p><p class=\"editor-paragraph\">Final Approve Date : @{concat(formatDateTime(addHours(outputs('Approved_Update_Item')?['body/EndDate'], 7), 'dd-MM-yyyy HH:mm'), ' WIB')}</p><p class=\"editor-paragraph\"><span style=\"font-family: Arial; font-size: 14px;\">Mohon bantuannya untuk segera melaksanakan instalasi pada unit tersebut.</span><br><br><span style=\"font-family: Arial; font-size: 14px;\">Terima kasih.</span><br><br><span style=\"font-family: Arial; font-size: 14px;\">Salam hangat,</span></p><p class=\"editor-paragraph\">@{triggerOutputs()?['body/Author/DisplayName']}</p><p class=\"editor-paragraph\"><span style=\"font-family: Arial; font-size: 14px;\">PT United Tractors Tbk</span><br><br><span style=\"font-family: Arial; font-size: 14px;\">Pemberitahuan Penting: Transmisi email ini ditujukan hanya untuk penggunaan penerima yang disebutkan namanya, dan mungkin berisi materi/informasi yang bersifat pribadi, rahasia, atau memiliki hak istimewa hukum. Setiap pengiriman ulang, penyebaran, atau penggunaan lainnya, atau pengambilan tindakan apa pun yang bergantung pada materi/informasi ini oleh siapa pun selain penerima yang disebutkan namanya dilarang. Jika diterima karena kesalahan oleh siapa pun selain penerima yang disebutkan namanya, harap segera beri tahu pengirim di alamat dan nomor telepon/telefax atau alamat email yang tercantum di sini, hapus materi/informasi dari komputer mana pun dan musnahkan salinan atau cetakan apa pun yang mungkin telah dibuat dari materi/informasi ini. Terima kasih. SANGGAHAN: Komunikasi internet tidak aman. Meskipun setiap upaya yang wajar telah dilakukan untuk memastikan bahwa komunikasi ini tidak dirusak, PT United Tractors Tbk tidak dapat bertanggung jawab atas perubahan yang dilakukan pada isi pesan ini tanpa persetujuan tegasnya. Jika Anda ingin menerima salinan cetak pesan ini, harap hubungi pengirim. Pendapat, kesimpulan dan informasi lain dalam pesan ini yang tidak berkaitan dengan bisnis resmi perusahaan akan dipahami sebagai tidak diberikan atau didukung oleh PT United Tractors Tbk.</span></p><br>","emailMessage/From":"@triggerBody()?['Author/Email']","emailMessage/Cc":"@{triggerBody()?['Author/Email']};@{items('flow_approval_all_approverrs')?['Email']}","emailMessage/Attachments":"@variables('VarrAttachment')","emailMessage/Importance":"High"},"host":{"apiId":"/providers/Microsoft.PowerApps/apis/shared_office365","connectionName":"shared_office365","operationId":"SendEmailV2"},"authentication":"@parameters('$authentication')"}}},"runAfter":{"Compose_1":["Succeeded"]},"else":{"actions":{}},"expression":{"and":[{"equals":["@variables('varCounter')","@length(variables('varArrApprovers'))"]}]},"metadata":{"operationMetadataId":"d698e5ff-765f-4bca-b136-c6e7d68fd628"},"type":"If"}},"runAfter":{"Join_approval_history":["Succeeded"]},"else":{"actions":{"Set_Expense_Status_as_Rejected":{"metadata":{"operationMetadataId":"6c8f6d1b-997d-4121-9335-6d983f688e23"},"type":"OpenApiConnection","inputs":{"parameters":{"dataset":"https://untr.sharepoint.com/sites/PIN","table":"d2be3a69-12d0-47e5-bd45-716e885256ef","id":"@triggerOutputs()?['body/ID']","item/Title":"@triggerOutputs()?['body/Title']","item/ApprovalHistory":"@body('Join_approval_history')","item/ApprovalStatus/Value":"Rejected","item/EndDate":"@formatDateTime(utcNow(), 'yyyy-MM-dd HH:mm:ss')"},"host":{"apiId":"/providers/Microsoft.PowerApps/apis/shared_sharepointonline","connectionName":"shared_sharepointonline_1","operationId":"PatchItem"},"retryPolicy":{"type":"none"},"authentication":"@parameters('$authentication')"}},"Set_status_as_Rejected":{"runAfter":{"Set_Expense_Status_as_Rejected":["Succeeded"]},"metadata":{"operationMetadataId":"7a82c4ae-dade-4509-b520-df7e8a2715c3"},"type":"SetVariable","inputs":{"name":"varStatus","value":"Rejected"}}}},"expression":{"and":[{"equals":["@outputs('Start_and_wait_for_an_approval')?['body/outcome']","Approve"]}]},"metadata":{"operationMetadataId":"bcdd0b5a-321b-4719-b156-c3a0fb06ece4"},"type":"If"},"For_each_approval_response":{"foreach":"@outputs('Start_and_wait_for_an_approval')?['body/responses']","actions":{"Add_to_comments_array":{"metadata":{"operationMetadataId":"3dc90a54-6c53-4630-8415-4190b7690860"},"type":"AppendToArrayVariable","inputs":{"name":"varApprovalHistory","value":"Approval Decision: @{if(equals(item()?['approverResponse'], 'Approve'), '🟢 Approved', '🔴 Rejected')} \nApprover: @{items('For_each_approval_response')?['responder/displayName']}\n🕐 Responded At: @{concat(convertFromUtc(outputs('Start_and_wait_for_an_approval')?['body/completionDate'], 'SE Asia Standard Time', 'dd/MM/yyyy HH:mm'), ' WIB')}\n⏱ Time Taken: @{div(div(div(mul(sub(ticks(items('For_each_approval_response')?['responseDate']), ticks(items('For_each_approval_response')?['requestDate'])), 100), 1000000000), 60), 60)\r\n} hours.\n📝 Comments (if any) : @{items('For_each_approval_response')?['comments']}"}}},"runAfter":{"Start_and_wait_for_an_approval":["Succeeded"]},"metadata":{"operationMetadataId":"c3c0d03f-422d-4b9c-bbfc-af0063dde562"},"type":"Foreach"},"Join_approval_history":{"runAfter":{"For_each_approval_response":["Succeeded"]},"metadata":{"operationMetadataId":"61bf4e3a-909a-49fb-a77c-6d585f7adc24"},"type":"Join","inputs":{"from":"@variables('varApprovalHistory')","joinWith":"\n-----------------------------------------------------\n\n"}},"Start_and_wait_for_an_approval":{"metadata":{"operationMetadataId":"c90cbf49-c4cf-4908-89b7-14cabaa284ce"},"type":"OpenApiConnectionWebhook","inputs":{"parameters":{"approvalType":"Basic","WebhookApprovalCreationInput/title":"Approval Pengajuan Virtual Card - @{triggerOutputs()?['body/Title']}","WebhookApprovalCreationInput/assignedTo":"@{items('flow_approval_all_approverrs')?['Email']};","WebhookApprovalCreationInput/details":"Permohonan Approval Pengajuan Virtual Card\n\nPIC Pemohon                 :\nNama Vendor               \t: \nDeskripsi                      \t: \nNo PO                          \t : \nAmount                        \t: \nLink Document             :  [klik link berikut ini]()\n\n\nDemikian dan Terimakasih.","WebhookApprovalCreationInput/requestor":"@{triggerBody()?['Author/Email']};","WebhookApprovalCreationInput/enableNotifications":true,"WebhookApprovalCreationInput/enableReassignment":true},"host":{"apiId":"/providers/Microsoft.PowerApps/apis/shared_approvals","connectionName":"shared_approvals_1","operationId":"StartAndWaitForAnApproval"},"authentication":"@parameters('$authentication')"}}},"runAfter":{"Increment_variable":["Succeeded"]},"else":{"actions":{}},"expression":{"not":{"equals":["@variables('varStatus')","Rejected"]}},"metadata":{"operationMetadataId":"84383bce-4823-4600-be38-9e5123cbaaa1"},"type":"If"}},"runAfter":{"Send_an_email_notification_(V3)":["Succeeded"]},"metadata":{"operationMetadataId":"42233fec-258a-4f61-b19c-3742ef728365"},"type":"Foreach"},"Loop_Counter":{"runAfter":{"Update_Status":["Succeeded"]},"metadata":{"operationMetadataId":"41a15bc0-269f-45f0-996d-f3cb7ab7a857"},"type":"InitializeVariable","inputs":{"variables":[{"name":"varCounter","type":"integer","value":0}]}},"Select_claims_approvers_check":{"runAfter":{"Compose_VarArrApprovers_DIC_approvers":["Succeeded"]},"metadata":{"operationMetadataId":"1dbfa3d0-4870-4b2a-a9d9-c119b8da221a"},"type":"Select","inputs":{"from":"@variables('varArrApprovers')","select":{"Claims":"@item()?['Claims']"}}},"Initialize_variable_VarAttachment_email_vendor":{"runAfter":{},"metadata":{"operationMetadataId":"923b0aa3-f1c1-482d-b44d-36c6f99e226f"},"type":"InitializeVariable","inputs":{"variables":[{"name":"VarrAttachment","type":"array"}]}},"Get_attachments":{"runAfter":{"generate_ticket_VA":["Succeeded"]},"metadata":{"operationMetadataId":"9bb113e5-92b4-4980-84e8-ef8ee1c23431"},"type":"OpenApiConnection","inputs":{"parameters":{"dataset":"https://untr.sharepoint.com/sites/PIN","table":"d2be3a69-12d0-47e5-bd45-716e885256ef","itemId":"@triggerBody()?['ID']"},"host":{"apiId":"/providers/Microsoft.PowerApps/apis/shared_sharepointonline","connectionName":"shared_sharepointonline_1","operationId":"GetItemAttachments"},"authentication":"@parameters('$authentication')"}},"For_each_get_attachment":{"foreach":"@outputs('Get_attachments')?['body']","actions":{"Get_attachment_content":{"metadata":{"operationMetadataId":"fd5ab546-5541-4b80-9844-87c4cb5235a5"},"type":"OpenApiConnection","inputs":{"parameters":{"dataset":"https://untr.sharepoint.com/sites/PIN","table":"d2be3a69-12d0-47e5-bd45-716e885256ef","itemId":"@triggerBody()?['ID']","attachmentId":"@items('For_each_get_attachment')?['Id']"},"host":{"apiId":"/providers/Microsoft.PowerApps/apis/shared_sharepointonline","connectionName":"shared_sharepointonline_1","operationId":"GetAttachmentContent"},"authentication":"@parameters('$authentication')"}},"Append_to_array_variable_1":{"runAfter":{"Get_attachment_content":["Succeeded"]},"metadata":{"operationMetadataId":"05677c90-7637-4b4c-9b1b-d08f45adcef0"},"type":"AppendToArrayVariable","inputs":{"name":"VarrAttachment","value":{"Name":"@item()?['DisplayName']","ContentBytes":"@body('Get_attachment_content')"}}},"Append_to_array_variable_1-copy":{"runAfter":{"Append_to_array_variable_1":["Succeeded"]},"metadata":{"operationMetadataId":"05677c90-7637-4b4c-9b1b-d08f45adcef0"},"type":"AppendToArrayVariable","inputs":{"name":"VarrAttachmentApproval","value":{"Name":"@item()?['DisplayName']","ContentBytes":"@item()?['AbsoluteUri']"}}}},"runAfter":{"Get_attachments":["Succeeded"]},"metadata":{"operationMetadataId":"d5fd0e98-e8aa-4e62-996f-4f73f134e50d"},"type":"Foreach"},"Initialize_variable_VarAttachment_Aprroval":{"runAfter":{"Initialize_variable_VarAttachment_email_vendor":["Succeeded"]},"metadata":{"operationMetadataId":"923b0aa3-f1c1-482d-b44d-36c6f99e226f"},"type":"InitializeVariable","inputs":{"variables":[{"name":"VarrAttachmentApproval","type":"array"}]}},"Append_to_array_variable_2":{"runAfter":{"Approval_History":["Succeeded"]},"type":"AppendToArrayVariable","inputs":{"name":"varApprovalHistory","value":"🚀SPK Approval Started By @{triggerOutputs()?['body/Author/DisplayName']} \n🕐 Started At: @{outputs('compose_Date')} WIB"}},"compose_Date":{"runAfter":{"Initialize_variable_VarAttachment_Aprroval":["Succeeded"]},"type":"Compose","inputs":"@formatDateTime(convertFromUtc(utcNow(), 'SE Asia Standard Time'), 'yyyy-MM-dd HH:mm:ss')"},"generate_ticket_VA":{"runAfter":{"Compose_Ticket":["Succeeded"]},"type":"Compose","inputs":"@concat('VA#', outputs('compose_Ticket'))"},"Compose_Ticket":{"runAfter":{"compose_Date":["Succeeded"]},"type":"Compose","inputs":"@formatDateTime(outputs('compose_Date'), 'yyyyMMddHHmmss')"},"Send_an_email_notification_(V3)":{"runAfter":{"Loop_Counter":["Succeeded"]},"metadata":{"operationMetadataId":"83fe6946-a8ef-4aae-8273-7ed2f7c5669f"},"type":"OpenApiConnection","inputs":{"parameters":{"request/to":";@{triggerBody()?['Author/Email']}","request/subject":"Pengajuan Approval Virtual Card @{triggerOutputs()?['body/Title']}","request/text":"<p>Dear Bapak/Ibu,<br>\n<br>\nTerimakasih sudah melakukan submit Form Pengajuan Approval PO &amp; SPK.<br>\n<br>\nLink &nbsp;Monitoring : @{triggerOutputs()?['body/{Link}']}<br>\n<br>\nAtas perhatian dan kerjasamanya saya ucapakan terimakasih.<br>\n<br>\nSalam,</p>"},"host":{"apiId":"/providers/Microsoft.PowerApps/apis/shared_sendmail","connectionName":"shared_sendmail","operationId":"SendEmailV3"},"authentication":"@parameters('$authentication')"}},"Get_Approvers_DIC":{"runAfter":{"Compose_VarArrApprovers_approvers_cat":["Succeeded"]},"metadata":{"operationMetadataId":"4df03b49-6e54-41da-aa1e-708ea31288c7"},"type":"OpenApiConnection","inputs":{"parameters":{"dataset":"https://untr.sharepoint.com/sites/PIN","table":"369070c2-b47b-479c-9e79-4cc7bafaa069","$filter":"Title eq '@{triggerBody()?['DirectorInCharge/Value']}'"},"host":{"apiId":"/providers/Microsoft.PowerApps/apis/shared_sharepointonline","connectionName":"shared_sharepointonline_1","operationId":"GetItems"},"authentication":"@parameters('$authentication')"}},"Get_Approvers_cat":{"runAfter":{"Compose_VarArrApprovers_3_approvers":["Succeeded"]},"metadata":{"operationMetadataId":"4df03b49-6e54-41da-aa1e-708ea31288c7"},"type":"OpenApiConnection","inputs":{"parameters":{"dataset":"https://untr.sharepoint.com/sites/PIN","table":"a589c800-54d4-4949-af95-bc610151e25e","$filter":"Title eq '@{triggerBody()?['RangeCategory1/Value']}'"},"host":{"apiId":"/providers/Microsoft.PowerApps/apis/shared_sharepointonline","connectionName":"shared_sharepointonline_1","operationId":"GetItems"},"authentication":"@parameters('$authentication')"}},"Update_PIC_PIN":{"runAfter":{"Append_to_array_variable_2":["Succeeded"]},"type":"OpenApiConnection","inputs":{"parameters":{"dataset":"https://untr.sharepoint.com/sites/PIN","table":"d2be3a69-12d0-47e5-bd45-716e885256ef","id":"@triggerBody()?['ID']","item/PICPIN/Claims":"i:0#.f|membership|90124292@unitedtractors.com"},"host":{"apiId":"/providers/Microsoft.PowerApps/apis/shared_sharepointonline","connectionName":"shared_sharepointonline_1","operationId":"PatchItem"},"authentication":"@parameters('$authentication')"}},"Get_Approvers_3_dinamis_approvers":{"runAfter":{"Update_PIC_PIN":["Succeeded"]},"metadata":{"operationMetadataId":"4df03b49-6e54-41da-aa1e-708ea31288c7"},"type":"OpenApiConnection","inputs":{"parameters":{"dataset":"https://untr.sharepoint.com/sites/PIN","table":"d2be3a69-12d0-47e5-bd45-716e885256ef","$filter":"ID eq @{outputs('Update_PIC_PIN')?['body/ID']}"},"host":{"apiId":"/providers/Microsoft.PowerApps/apis/shared_sharepointonline","connectionName":"shared_sharepointonline_1","operationId":"GetItems"},"authentication":"@parameters('$authentication')"}},"Apply_to_each_dinamis_approver_3_people":{"foreach":"@outputs('Get_Approvers_3_dinamis_approvers')?['body/value']","actions":{"Condition_dept_head":{"actions":{"Compose_dept_head2":{"type":"Compose","inputs":"@items('Apply_to_each_dinamis_approver_3_people')?['EmailDept_x002e_headDivision_x00']"},"Apply_to_each_3":{"foreach":"@items('Apply_to_each_dinamis_approver_3_people')?['EmailDept_x002e_headDivision_x00']","actions":{"Append_to_array_variable_3":{"type":"AppendToArrayVariable","inputs":{"name":"varArrApprovers","value":"@items('Apply_to_each_3')"}}},"runAfter":{"Compose_dept_head2":["Succeeded"]},"type":"Foreach"}},"runAfter":{"Compose_8":["Succeeded"]},"else":{"actions":{"Compose_array_dept_head":{"runAfter":{"Compose_dept_head":["Succeeded"]},"type":"Compose","inputs":"@createArray(items('Apply_to_each_dinamis_approver_3_people')?['EmailDept_x002e_headDivision_x00'])"},"Compose_dept_head":{"type":"Compose","inputs":"@items('Apply_to_each_dinamis_approver_3_people')?['EmailDept_x002e_headDivision_x00']"},"Apply_to_each_2":{"foreach":"@createArray(items('Apply_to_each_dinamis_approver_3_people')?['EmailDept_x002e_headDivision_x00'])","actions":{"Append_to_array_variable_pic_pin_1":{"type":"AppendToArrayVariable","inputs":{"name":"varArrApprovers","value":"@items('Apply_to_each_2')"}}},"runAfter":{"Compose_array_dept_head":["Succeeded"]},"type":"Foreach"}}},"expression":{"and":[{"startsWith":["@trim(string(items('Apply_to_each_dinamis_approver_3_people')?['EmailDept_x002e_headDivision_x00']))","["]}]},"type":"If"},"Condition_divhead":{"actions":{"Compose_div_head2":{"type":"Compose","inputs":"@items('Apply_to_each_dinamis_approver_3_people')?['EmailDiv_x002e_HeadDivisi_x002f_']"},"Apply_to_each_5":{"foreach":"@items('Apply_to_each_dinamis_approver_3_people')?['EmailDiv_x002e_HeadDivisi_x002f_']","actions":{"Append_to_array_variable_4":{"type":"AppendToArrayVariable","inputs":{"name":"varArrApprovers","value":"@items('Apply_to_each_5')"}}},"runAfter":{"Compose_div_head2":["Succeeded"]},"type":"Foreach"}},"runAfter":{"Compose_7":["Succeeded"]},"else":{"actions":{"Compose_array_div_head":{"runAfter":{"Compose_div_head":["Succeeded"]},"type":"Compose","inputs":"@createArray(items('Apply_to_each_dinamis_approver_3_people')?['EmailDiv_x002e_HeadDivisi_x002f_'])"},"Compose_div_head":{"type":"Compose","inputs":"@items('Apply_to_each_dinamis_approver_3_people')?['PICPIN']"},"Apply_to_each_4":{"foreach":"@outputs('Compose_array_div_head')","actions":{"Append_to_array_variable_pic_pin_2":{"type":"AppendToArrayVariable","inputs":{"name":"varArrApprovers","value":"@items('Apply_to_each_4')"}}},"runAfter":{"Compose_array_div_head":["Succeeded"]},"type":"Foreach"}}},"expression":{"and":[{"startsWith":["@trim(string(items('Apply_to_each_dinamis_approver_3_people')?['EmailDiv_x002e_HeadDivisi_x002f_']))","["]}]},"type":"If"},"Compose_7":{"runAfter":{"Condition_dept_head":["Succeeded"]},"type":"Compose","inputs":"@variables('varArrApprovers')"},"Compose_8":{"type":"Compose","inputs":"@variables('varArrApprovers')"},"Condition_PIC_PIN":{"actions":{"Compose-copy_2":{"type":"Compose","inputs":"@items('Apply_to_each_dinamis_approver_3_people')?['PICPIN']"},"Apply_to_each_1":{"foreach":"@items('Apply_to_each_dinamis_approver_3_people')?['PICPIN']","actions":{"Append_to_array_variable":{"type":"AppendToArrayVariable","inputs":{"name":"varArrApprovers","value":"@items('Apply_to_each_1')"}}},"runAfter":{"Compose-copy_2":["Succeeded"]},"type":"Foreach"}},"runAfter":{"Condition_divhead":["Succeeded"]},"else":{"actions":{"Compose_PIC_PIN":{"runAfter":{"Compose":["Succeeded"]},"type":"Compose","inputs":"@createArray(items('Apply_to_each_dinamis_approver_3_people')?['PICPIN'])"},"Compose":{"type":"Compose","inputs":"@items('Apply_to_each_dinamis_approver_3_people')?['PICPIN']"},"Apply_to_each":{"foreach":"@outputs('Compose_PIC_PIN')","actions":{"Append_to_array_variable_pic_pin":{"type":"AppendToArrayVariable","inputs":{"name":"varArrApprovers","value":"@items('Apply_to_each')"}}},"runAfter":{"Compose_PIC_PIN":["Succeeded"]},"type":"Foreach"}}},"expression":{"and":[{"startsWith":["@trim(string(items('Apply_to_each_dinamis_approver_3_people')?['PICPIN']))","["]}]},"type":"If"}},"runAfter":{"output_get_3_approvers_dinamis":["Succeeded"]},"type":"Foreach"},"Compose_VarArrApprovers_DIC_approvers":{"runAfter":{"Apply_to_each_statis_approvers_dic":["Succeeded"]},"type":"Compose","inputs":"@variables('varArrApprovers')"},"Apply_to_each_approvers_cat":{"foreach":"@outputs('Get_Approvers_cat')?['body/value']?[0]?['Approvers']","actions":{"Append_to_array_variable_approver_cat":{"runAfter":{"Compose_2":["Succeeded"]},"type":"AppendToArrayVariable","inputs":{"name":"varArrApprovers","value":"@items('Apply_to_each_approvers_cat')"}},"Compose_2":{"type":"Compose","inputs":"@items('Apply_to_each_approvers_cat')"}},"runAfter":{"Get_Approvers_cat":["Succeeded"]},"type":"Foreach"},"Apply_to_each_statis_approvers_dic":{"foreach":"@outputs('Get_Approvers_DIC')?['body/value']?[0]?['Approvers']","actions":{"Append_to_array_variable_approver_DIC":{"runAfter":{"Compose_3":["Succeeded"]},"type":"AppendToArrayVariable","inputs":{"name":"varArrApprovers","value":"@items('Apply_to_each_statis_approvers_dic')"}},"Compose_3":{"type":"Compose","inputs":"@items('Apply_to_each_statis_approvers_dic')"}},"runAfter":{"Get_Approvers_DIC":["Succeeded"]},"type":"Foreach"},"Approvers":{"runAfter":{"Get_Approvers_3_dinamis_approvers":["Succeeded"]},"metadata":{"operationMetadataId":"19362345-ffcd-4733-84a2-bf772608b60a"},"type":"InitializeVariable","inputs":{"variables":[{"name":"varArrApprovers","type":"array"}]}},"output_get_3_approvers_dinamis":{"runAfter":{"Approvers":["Succeeded"]},"type":"Compose","inputs":"@body('Get_Approvers_3_dinamis_approvers')?['value']?[0]?['PICPIN']"},"Compose_VarArrApprovers_3_approvers":{"runAfter":{"Apply_to_each_dinamis_approver_3_people":["Succeeded"]},"type":"Compose","inputs":"@variables('varArrApprovers')"},"Compose_VarArrApprovers_approvers_cat":{"runAfter":{"Apply_to_each_approvers_cat":["Succeeded"]},"type":"Compose","inputs":"@variables('varArrApprovers')"}}},"connectionReferences":{"shared_sharepointonline_1":{"connectionName":"ef19edc64ae544e991484e3ae18b50a4","source":"Embedded","id":"/providers/Microsoft.PowerApps/apis/shared_sharepointonline","tier":"NotSpecified","apiName":"sharepointonline"},"shared_office365":{"connectionName":"shared-office365-44629a6f-85b2-4e04-9e7d-8adff31b73d3","source":"Embedded","id":"/providers/Microsoft.PowerApps/apis/shared_office365","tier":"NotSpecified","apiName":"office365"},"shared_approvals_1":{"connectionName":"shared-approvals-eeae0a54-529f-4405-9ac5-21897718c5d3","source":"Embedded","id":"/providers/Microsoft.PowerApps/apis/shared_approvals","tier":"NotSpecified","apiName":"approvals"},"shared_sendmail":{"connectionName":"shared-sendmail-7afe49b8-75dd-460a-8822-b84bb6562aa6","source":"Embedded","id":"/providers/Microsoft.PowerApps/apis/shared_sendmail","tier":"NotSpecified","apiName":"sendmail"}},"flowFailureAlertSubscribed":false,"isManaged":false}}